[
  {
    "model": "sentry.organization",
    "pk": 2,
    "fields": {
      "name": "Dor-Org1",
      "slug": "dor-org1",
      "status": 0,
      "date_added": "2026-07-14T20:48:59.500Z",
      "default_role": "member",
      "is_test": false,
      "flags": "1"
    }
  },
  {
    "model": "sentry.team",
    "pk": 6,
    "fields": {
      "organization": 2,
      "slug": "fe",
      "name": "Frontend",
      "status": 0,
      "idp_provisioned": false,
      "date_added": "2026-07-14T20:48:59.978Z"
    }
  },
  {
    "model": "sentry.team",
    "pk": 7,
    "fields": {
      "organization": 2,
      "slug": "be",
      "name": "Backend",
      "status": 0,
      "idp_provisioned": false,
      "date_added": "2026-07-14T20:49:00.566Z"
    }
  },
  {
    "model": "sentry.team",
    "pk": 10,
    "fields": {
      "organization": 2,
      "slug": "qa",
      "name": "QA",
      "status": 0,
      "idp_provisioned": false,
      "date_added": "2026-07-14T21:22:10.184Z"
    }
  },
  {
    "model": "sentry.team",
    "pk": 11,
    "fields": {
      "organization": 2,
      "slug": "platform",
      "name": "Platform",
      "status": 0,
      "idp_provisioned": false,
      "date_added": "2026-07-14T21:22:10.220Z"
    }
  },
  {
    "model": "sentry.team",
    "pk": 12,
    "fields": {
      "organization": 2,
      "slug": "design",
      "name": "Design",
      "status": 0,
      "idp_provisioned": false,
      "date_added": "2026-07-14T21:22:10.228Z"
    }
  },
  {
    "model": "sentry.team",
    "pk": 16,
    "fields": {
      "organization": 2,
      "slug": "sre",
      "name": "SRE",
      "status": 0,
      "idp_provisioned": false,
      "date_added": "2026-07-14T21:37:02.462Z"
    }
  },
  {
    "model": "sentry.user",
    "pk": 11,
    "fields": {
      "password": "!OSsrV4L27mUh8Cm1MMt9e85CWcPNCiZJr9drWjnW",
      "last_login": null,
      "username": "dorian@example.com",
      "name": "",
      "email": "dorian@example.com",
      "email_unique": null,
      "is_staff": false,
      "is_active": true,
      "is_unclaimed": false,
      "is_superuser": false,
      "is_managed": false,
      "is_sentry_app": null,
      "is_password_expired": false,
      "last_password_change": null,
      "flags": "0",
      "session_nonce": null,
      "date_joined": "2026-07-14T20:49:01.607Z",
      "last_active": "2026-07-14T20:49:01.607Z",
      "avatar_type": 0,
      "avatar_url": null
    }
  },
  {
    "model": "sentry.user",
    "pk": 12,
    "fields": {
      "password": "!nTG69xEfYXt7ya5YqD9oxuQAl6p41lKEGcimYeR9",
      "last_login": null,
      "username": "derek@example.com",
      "name": "",
      "email": "derek@example.com",
      "email_unique": null,
      "is_staff": false,
      "is_active": true,
      "is_unclaimed": false,
      "is_superuser": false,
      "is_managed": false,
      "is_sentry_app": null,
      "is_password_expired": false,
      "last_password_change": null,
      "flags": "0",
      "session_nonce": null,
      "date_joined": "2026-07-14T20:49:03.800Z",
      "last_active": "2026-07-14T20:49:03.800Z",
      "avatar_type": 0,
      "avatar_url": null
    }
  },
  {
    "model": "sentry.user",
    "pk": 13,
    "fields": {
      "password": "!TrHkUJaRTsKB9Pwako9HhBJGrAJ9HCCn3krSgJCr",
      "last_login": null,
      "username": "daniel@example.com",
      "name": "",
      "email": "daniel@example.com",
      "email_unique": null,
      "is_staff": false,
      "is_active": true,
      "is_unclaimed": false,
      "is_superuser": false,
      "is_managed": false,
      "is_sentry_app": null,
      "is_password_expired": false,
      "last_password_change": null,
      "flags": "0",
      "session_nonce": null,
      "date_joined": "2026-07-14T20:49:05.811Z",
      "last_active": "2026-07-14T20:49:05.811Z",
      "avatar_type": 0,
      "avatar_url": null
    }
  },
  {
    "model": "sentry.user",
    "pk": 18,
    "fields": {
      "password": "!8Uter7IE3ZEbkbtlRiH6tzREqfYxR2b70BuqKgp4",
      "last_login": null,
      "username": "nina@example.com",
      "name": "",
      "email": "nina@example.com",
      "email_unique": null,
      "is_staff": false,
      "is_active": true,
      "is_unclaimed": false,
      "is_superuser": false,
      "is_managed": false,
      "is_sentry_app": null,
      "is_password_expired": false,
      "last_password_change": null,
      "flags": "0",
      "session_nonce": null,
      "date_joined": "2026-07-14T21:37:02.518Z",
      "last_active": "2026-07-14T21:37:02.518Z",
      "avatar_type": 0,
      "avatar_url": null
    }
  },
  {
    "model": "sentry.user",
    "pk": 19,
    "fields": {
      "password": "!scKHHgEVHeydLFJB2lYXnKwLHbiE23Gf9RNsC7FQ",
      "last_login": null,
      "username": "shared@example.com",
      "name": "",
      "email": "shared@example.com",
      "email_unique": null,
      "is_staff": false,
      "is_active": true,
      "is_unclaimed": false,
      "is_superuser": false,
      "is_managed": false,
      "is_sentry_app": null,
      "is_password_expired": false,
      "last_password_change": null,
      "flags": "0",
      "session_nonce": null,
      "date_joined": "2026-07-14T21:42:34.981Z",
      "last_active": "2026-07-14T21:42:34.981Z",
      "avatar_type": 0,
      "avatar_url": null
    }
  },
  {
    "model": "sentry.project",
    "pk": 8,
    "fields": {
      "slug": "payments-api",
      "name": "Payments API",
      "forced_color": null,
      "organization": 2,
      "public": false,
      "date_added": "2026-07-14T20:49:00.773Z",
      "status": 0,
      "first_event": null,
      "template": null,
      "external_id": null,
      "flags": "10",
      "platform": "node"
    }
  },
  {
    "model": "sentry.project",
    "pk": 9,
    "fields": {
      "slug": "checkout-service",
      "name": "Checkout Service",
      "forced_color": null,
      "organization": 2,
      "public": false,
      "date_added": "2026-07-14T20:49:01.126Z",
      "status": 0,
      "first_event": null,
      "template": null,
      "external_id": null,
      "flags": "10",
      "platform": "python"
    }
  },
  {
    "model": "sentry.project",
    "pk": 10,
    "fields": {
      "slug": "web-dashboard",
      "name": "Web Dashboard",
      "forced_color": null,
      "organization": 2,
      "public": false,
      "date_added": "2026-07-14T20:49:01.424Z",
      "status": 0,
      "first_event": null,
      "template": null,
      "external_id": null,
      "flags": "10",
      "platform": "javascript-react"
    }
  },
  {
    "model": "sentry.project",
    "pk": 15,
    "fields": {
      "slug": "notifications",
      "name": "Notifications",
      "forced_color": null,
      "organization": 2,
      "public": false,
      "date_added": "2026-07-14T21:37:02.492Z",
      "status": 0,
      "first_event": null,
      "template": null,
      "external_id": null,
      "flags": "10",
      "platform": "python"
    }
  },
  {
    "model": "sentry.organizationmember",
    "pk": 11,
    "fields": {
      "organization": 2,
      "user_id": 11,
      "email": null,
      "role": "member",
      "flags": "0",
      "token": null,
      "date_added": "2026-07-14T20:49:02.858Z",
      "token_expires_at": null,
      "has_global_access": true,
      "inviter_id": null,
      "invite_status": 0,
      "type": 50,
      "user_is_active": true,
      "user_email": "dorian@example.com"
    }
  },
  {
    "model": "sentry.organizationmember",
    "pk": 12,
    "fields": {
      "organization": 2,
      "user_id": 12,
      "email": null,
      "role": "member",
      "flags": "0",
      "token": null,
      "date_added": "2026-07-14T20:49:05.161Z",
      "token_expires_at": null,
      "has_global_access": true,
      "inviter_id": null,
      "invite_status": 0,
      "type": 50,
      "user_is_active": true,
      "user_email": "derek@example.com"
    }
  },
  {
    "model": "sentry.organizationmember",
    "pk": 13,
    "fields": {
      "organization": 2,
      "user_id": 13,
      "email": null,
      "role": "member",
      "flags": "0",
      "token": null,
      "date_added": "2026-07-14T20:49:06.000Z",
      "token_expires_at": null,
      "has_global_access": true,
      "inviter_id": null,
      "invite_status": 0,
      "type": 50,
      "user_is_active": true,
      "user_email": "daniel@example.com"
    }
  },
  {
    "model": "sentry.organizationmember",
    "pk": 18,
    "fields": {
      "organization": 2,
      "user_id": 18,
      "email": null,
      "role": "member",
      "flags": "0",
      "token": null,
      "date_added": "2026-07-14T21:37:02.545Z",
      "token_expires_at": null,
      "has_global_access": true,
      "inviter_id": null,
      "invite_status": 0,
      "type": 50,
      "user_is_active": true,
      "user_email": "nina@example.com"
    }
  },
  {
    "model": "sentry.organizationmember",
    "pk": 19,
    "fields": {
      "organization": 2,
      "user_id": 19,
      "email": null,
      "role": "member",
      "flags": "0",
      "token": null,
      "date_added": "2026-07-14T21:42:35.006Z",
      "token_expires_at": null,
      "has_global_access": true,
      "inviter_id": null,
      "invite_status": 0,
      "type": 50,
      "user_is_active": true,
      "user_email": "shared@example.com"
    }
  },
  {
    "model": "sentry.email",
    "pk": 11,
    "fields": {
      "email": "dorian@example.com",
      "date_added": "2026-07-14T20:49:01.696Z"
    }
  },
  {
    "model": "sentry.email",
    "pk": 12,
    "fields": {
      "email": "derek@example.com",
      "date_added": "2026-07-14T20:49:03.848Z"
    }
  },
  {
    "model": "sentry.email",
    "pk": 13,
    "fields": {
      "email": "daniel@example.com",
      "date_added": "2026-07-14T20:49:05.816Z"
    }
  },
  {
    "model": "sentry.email",
    "pk": 18,
    "fields": {
      "email": "nina@example.com",
      "date_added": "2026-07-14T21:37:02.520Z"
    }
  },
  {
    "model": "sentry.email",
    "pk": 19,
    "fields": {
      "email": "shared@example.com",
      "date_added": "2026-07-14T21:42:34.984Z"
    }
  },
  {
    "model": "sentry.useremail",
    "pk": 11,
    "fields": {
      "user": 11,
      "email": "dorian@example.com",
      "validation_hash": "PvMQ1he1D5708XZrKHkj0tkfXR8VcLoh",
      "date_hash_added": "2026-07-14T20:49:01.643Z",
      "is_verified": false
    }
  },
  {
    "model": "sentry.useremail",
    "pk": 12,
    "fields": {
      "user": 12,
      "email": "derek@example.com",
      "validation_hash": "d3m2K9ygGRcCKYKaj4zp9n1U1h0B2jqN",
      "date_hash_added": "2026-07-14T20:49:03.830Z",
      "is_verified": false
    }
  },
  {
    "model": "sentry.useremail",
    "pk": 13,
    "fields": {
      "user": 13,
      "email": "daniel@example.com",
      "validation_hash": "o7XcNnl7V82wy4bsZKs8QCh4EPPuvmUX",
      "date_hash_added": "2026-07-14T20:49:05.815Z",
      "is_verified": false
    }
  },
  {
    "model": "sentry.useremail",
    "pk": 18,
    "fields": {
      "user": 18,
      "email": "nina@example.com",
      "validation_hash": "YCb6xLt8nNfy5QSTbog6VI0LQO28qjbJ",
      "date_hash_added": "2026-07-14T21:37:02.519Z",
      "is_verified": false
    }
  },
  {
    "model": "sentry.useremail",
    "pk": 19,
    "fields": {
      "user": 19,
      "email": "shared@example.com",
      "validation_hash": "Zz5ENqbfrh9eadaGDzFzug7wJgEsT9Q3",
      "date_hash_added": "2026-07-14T21:42:34.983Z",
      "is_verified": false
    }
  },
  {
    "model": "sentry.projectteam",
    "pk": 13,
    "fields": {
      "project": 8,
      "team": 7
    }
  },
  {
    "model": "sentry.projectteam",
    "pk": 14,
    "fields": {
      "project": 9,
      "team": 7
    }
  },
  {
    "model": "sentry.projectteam",
    "pk": 15,
    "fields": {
      "project": 10,
      "team": 6
    }
  },
  {
    "model": "sentry.projectteam",
    "pk": 30,
    "fields": {
      "project": 15,
      "team": 16
    }
  },
  {
    "model": "sentry.projectoption",
    "pk": 19,
    "fields": {
      "project": 8,
      "key": "sentry:option-epoch",
      "value": 13
    }
  },
  {
    "model": "sentry.projectoption",
    "pk": 20,
    "fields": {
      "project": 9,
      "key": "sentry:option-epoch",
      "value": 13
    }
  },
  {
    "model": "sentry.projectoption",
    "pk": 21,
    "fields": {
      "project": 10,
      "key": "sentry:option-epoch",
      "value": 13
    }
  },
  {
    "model": "sentry.projectoption",
    "pk": 26,
    "fields": {
      "project": 9,
      "key": "sentry:token",
      "value": "\"51b2b8727fc711f1a430fed4ba171d37\""
    }
  },
  {
    "model": "sentry.projectoption",
    "pk": 27,
    "fields": {
      "project": 15,
      "key": "sentry:option-epoch",
      "value": 13
    }
  },
  {
    "model": "sentry.projectkey",
    "pk": 8,
    "fields": {
      "project": 8,
      "label": "Default",
      "public_key": "9e3bf35d963c08c0ccb07b9c253bcfca",
      "secret_key": "896386cbefccef20e46300b66f2a9471",
      "roles": "1",
      "status": 0,
      "date_added": "2026-07-14T20:49:00.943Z",
      "rate_limit_count": null,
      "rate_limit_window": null,
      "data": {
        "dynamicSdkLoaderOptions": {
          "hasPerformance": true,
          "hasReplay": true
        }
      },
      "use_case": "user"
    }
  },
  {
    "model": "sentry.projectkey",
    "pk": 9,
    "fields": {
      "project": 9,
      "label": "Default",
      "public_key": "698ae5140c2163578612980e31ae1df5",
      "secret_key": "b720cd8a96bd112d3bca99566201bc74",
      "roles": "1",
      "status": 0,
      "date_added": "2026-07-14T20:49:01.187Z",
      "rate_limit_count": null,
      "rate_limit_window": null,
      "data": {
        "dynamicSdkLoaderOptions": {
          "hasPerformance": true,
          "hasReplay": true
        }
      },
      "use_case": "user"
    }
  },
  {
    "model": "sentry.projectkey",
    "pk": 10,
    "fields": {
      "project": 10,
      "label": "Default",
      "public_key": "984079a736e6e8eca72f2af269eebe2e",
      "secret_key": "f44f22c29613835451793e61246c8732",
      "roles": "1",
      "status": 0,
      "date_added": "2026-07-14T20:49:01.465Z",
      "rate_limit_count": null,
      "rate_limit_window": null,
      "data": {
        "dynamicSdkLoaderOptions": {
          "hasPerformance": true,
          "hasReplay": true
        }
      },
      "use_case": "user"
    }
  },
  {
    "model": "sentry.projectkey",
    "pk": 15,
    "fields": {
      "project": 15,
      "label": "Default",
      "public_key": "63a603f4918c9b42bdbc788b6471f3b9",
      "secret_key": "3a822f6164edf27cd1dd0b292ef14d77",
      "roles": "1",
      "status": 0,
      "date_added": "2026-07-14T21:37:02.496Z",
      "rate_limit_count": null,
      "rate_limit_window": null,
      "data": {
        "dynamicSdkLoaderOptions": {
          "hasPerformance": true,
          "hasReplay": true
        }
      },
      "use_case": "user"
    }
  },
  {
    "model": "sentry.organizationmemberteam",
    "pk": 16,
    "fields": {
      "team": 6,
      "organizationmember": 11,
      "is_active": true,
      "role": null
    }
  },
  {
    "model": "sentry.organizationmemberteam",
    "pk": 17,
    "fields": {
      "team": 6,
      "organizationmember": 12,
      "is_active": true,
      "role": null
    }
  },
  {
    "model": "sentry.organizationmemberteam",
    "pk": 18,
    "fields": {
      "team": 6,
      "organizationmember": 13,
      "is_active": true,
      "role": null
    }
  },
  {
    "model": "sentry.organizationmemberteam",
    "pk": 19,
    "fields": {
      "team": 7,
      "organizationmember": 11,
      "is_active": true,
      "role": null
    }
  },
  {
    "model": "sentry.organizationmemberteam",
    "pk": 24,
    "fields": {
      "team": 10,
      "organizationmember": 12,
      "is_active": true,
      "role": null
    }
  },
  {
    "model": "sentry.organizationmemberteam",
    "pk": 25,
    "fields": {
      "team": 11,
      "organizationmember": 11,
      "is_active": true,
      "role": null
    }
  },
  {
    "model": "sentry.organizationmemberteam",
    "pk": 26,
    "fields": {
      "team": 11,
      "organizationmember": 13,
      "is_active": true,
      "role": null
    }
  },
  {
    "model": "sentry.organizationmemberteam",
    "pk": 27,
    "fields": {
      "team": 12,
      "organizationmember": 13,
      "is_active": true,
      "role": null
    }
  },
  {
    "model": "sentry.organizationmemberteam",
    "pk": 32,
    "fields": {
      "team": 16,
      "organizationmember": 11,
      "is_active": true,
      "role": null
    }
  },
  {
    "model": "sentry.organizationmemberteam",
    "pk": 33,
    "fields": {
      "team": 16,
      "organizationmember": 18,
      "is_active": true,
      "role": null
    }
  },
  {
    "model": "sentry.organizationmemberteam",
    "pk": 36,
    "fields": {
      "team": 6,
      "organizationmember": 19,
      "is_active": true,
      "role": null
    }
  }
]